id,name,email
1,Netti,nchason0@g.co
2,Virginie,vdecroix1@sphinn.com
3,Maia,mhenlon2@amazon.co.uk
4,Angeline,agrigorushkin3@liveinternet.ru
5,Eugenio,eczajkowska4@cnbc.com
6,Otho,omessitt5@pagesperso-orange.fr
7,Niles,nclipston6@amazon.com
8,Joice,jluna7@technorati.com
9,Ekaterina,ericcard8@symantec.com
10,Hughie,hcanter9@symantec.com
11,Cordie,cspaltona@foxnews.com
12,Alfred,astannionb@nymag.com
13,Corinna,chutsonc@paypal.com
14,Kenton,ksummerilld@google.it
15,Liza,lsmallpeicee@tripadvisor.com
16,Sandra,scolthurstf@hc360.com
17,Durand,dchatterisg@phpbb.com
18,Minny,mgaynesfordh@usgs.gov
19,Giacinta,ganningi@wordpress.org
20,Gert,gfretsonj@whitehouse.gov
21,Maynard,mmeierk@spiegel.de
22,Irwin,ijulianl@mozilla.com
23,Chelsey,cjantetm@moonfruit.com
24,Artemus,asawdonn@businessweek.com
25,Monique,mvernallo@smugmug.com
26,Cristine,cbrosolip@cnet.com
27,Rinaldo,ryashnovq@soup.io
28,Emmet,ebrittor@sciencedirect.com
29,Harlin,hantushevs@abc.net.au
30,Charlton,cchatert@unblog.fr
31,Alta,avannetu@discovery.com
32,Jillane,jrozev@vk.com
33,Andy,abendallw@vimeo.com
34,Willi,wtarneyx@salon.com
35,Judith,jreey@patch.com
36,Herman,hflecknellz@alexa.com
37,Phillis,psarton10@walmart.com
38,Francisco,falforde11@oracle.com
39,Andie,akneesha12@yahoo.co.jp
40,Lothario,lraselles13@webeden.co.uk
41,Frederik,fpetranek14@chicagotribune.com
42,Winonah,wdeluze15@pcworld.com
43,Celinka,cmorrad16@gmpg.org
44,Zia,zludlem17@vk.com
45,Livvy,lomar18@google.co.jp
46,Winslow,wgeorgot19@java.com
47,Jessalin,jsteketee1a@google.co.uk
48,Jozef,jhuman1b@springer.com
49,Emylee,ejaher1c@typepad.com
50,Kathryne,kchumley1d@amazon.co.jp
51,Agathe,abonhomme1e@meetup.com
52,Merralee,myeandel1f@statcounter.com
53,Rory,rhenrion1g@gizmodo.com
54,Adrea,atunmore1h@examiner.com
55,Fionna,fjackett1i@github.com
56,Kameko,kbooty1j@nbcnews.com
57,Dyane,dcorran1k@fastcompany.com
58,Izak,ikillock1l@discovery.com
59,Amelita,arichold1m@tuttocitta.it
60,Aldon,abassingham1n@jiathis.com
61,Mart,mphant1o@boston.com
62,Kevin,kcockburn1p@paypal.com
63,Scarface,sburnes1q@who.int
64,Melodee,mstribbling1r@google.es
65,Ban,bblincowe1s@fda.gov
66,Pietro,ppiatek1t@ning.com
67,Lyndell,lharber1u@paginegialle.it
68,Thaxter,tbrabon1v@ameblo.jp
69,Persis,pjoliffe1w@blinklist.com
70,Rafaela,rarnke1x@imgur.com
71,Noach,nronchetti1y@google.com.br
72,Blinnie,bcastellucci1z@adobe.com
73,Osgood,oport20@github.io
74,Beatrisa,bfilchakov21@com.com
75,Georgette,gmckew22@intel.com
76,Sarina,sbellhanger23@seattletimes.com
77,Arabelle,aramstead24@blogtalkradio.com
78,Harmon,hgraber25@bloglovin.com
79,Lissa,lwarham26@cbsnews.com
80,Fay,fsidwell27@acquirethisname.com
81,Corrine,csmetoun28@wikispaces.com
82,Aldrich,ameakin29@csmonitor.com
83,Inez,itoffolini2a@privacy.gov.au
84,Alecia,ahazlehurst2b@princeton.edu
85,Hermie,hsouthworth2c@parallels.com
86,Wells,woakton2d@cornell.edu
87,Dorri,dgehring2e@pinterest.com
88,Bartholomeus,bgartsyde2f@xinhuanet.com
89,Phillipe,philey2g@blogger.com
90,Agnella,ahumpherston2h@tripod.com
91,Corina,cheliet2i@angelfire.com
92,Sam,sgreenacre2j@mozilla.org
93,Quill,qarnaudot2k@cbsnews.com
94,Justinn,jhoyt2l@yandex.ru
95,Helyn,hjorge2m@qq.com
96,Audie,apaynton2n@meetup.com
97,Any,aspinks2o@weibo.com
98,Angelo,alorans2p@phoca.cz
99,Tommie,tbyrom2q@blinklist.com
100,Llywellyn,lnerger2r@wikispaces.com
101,Cobb,cgeeves2s@cam.ac.uk
102,Minnnie,mblaney2t@ihg.com
103,Cristiano,csincock2u@storify.com
104,Papagena,pbeddoe2v@is.gd
105,Ginni,gpordall2w@php.net
106,Opalina,osidary2x@eepurl.com
107,Carlyn,cvaneschi2y@constantcontact.com
108,Ingamar,imandel2z@ning.com
109,Simeon,shalvosen30@mysql.com
110,Jelene,jbick31@bloglines.com
111,Giovanna,gberceros32@army.mil
112,Rheba,rcardew33@privacy.gov.au
113,Gradeigh,gmaidstone34@skype.com
114,Shirline,snairy35@europa.eu
115,Hendrika,hstirtle36@quantcast.com
116,Perri,psirmond37@pcworld.com
117,Wallace,wbennellick38@nytimes.com
118,Sarajane,sbroek39@ucoz.ru
119,Steffie,sstoute3a@telegraph.co.uk
120,Doreen,dcastellone3b@scientificamerican.com
121,Bellina,bpecey3c@taobao.com
122,Emelita,emccaughen3d@europa.eu
123,Peter,phealeas3e@cmu.edu
124,Puff,pmurford3f@qq.com
125,Roland,rculpin3g@g.co
126,Carlene,creeder3h@squarespace.com
127,Sonnnie,sperrat3i@eventbrite.com
128,Toinette,ttrembath3j@biglobe.ne.jp
129,Alis,ajanusz3k@cisco.com
130,Kimball,ksprason3l@apache.org
131,Alexia,aparsall3m@bizjournals.com
132,Dion,dpurcell3n@simplemachines.org
133,Riordan,rairth3o@angelfire.com
134,Jeth,jdeath3p@cbsnews.com
135,Page,ptrounce3q@rediff.com
136,Pren,pskitral3r@skype.com
137,Ozzy,osagar3s@cdbaby.com
138,Alexandro,aaveson3t@umich.edu
139,Elizabeth,eheugle3u@nasa.gov
140,Lazar,lyounghusband3v@vk.com
141,Harlie,hrispen3w@apple.com
142,Kiersten,krigden3x@addthis.com
143,Teodoor,tlearoid3y@blog.com
144,Torey,tadamiak3z@wordpress.com
145,Franciska,flawles40@alibaba.com
146,Rock,rleport41@opera.com
147,Thorny,tapthorpe42@ebay.com
148,Mart,mdibdin43@usatoday.com
149,Nissa,njiri44@bigcartel.com
150,Karlene,kannott45@last.fm
151,Crin,callam46@com.com
152,Elisabet,ecousens47@ovh.net
153,Juliette,jhowey48@exblog.jp
154,Xylia,xpues49@unicef.org
155,Merrili,mmattielli4a@delicious.com
156,Rickie,rcrocetti4b@dmoz.org
157,Pail,plarrett4c@google.co.uk
158,Pinchas,poldham4d@webnode.com
159,Kipp,kosmond4e@gnu.org
160,Field,fdrinkale4f@moonfruit.com
161,Juana,jbeal4g@cmu.edu
162,Minnnie,mcrossingham4h@bing.com
163,Orlan,ophilipeaux4i@angelfire.com
164,Kalindi,kkitney4j@amazon.co.jp
165,Aila,astrippel4k@mashable.com
166,Heinrik,hwanek4l@howstuffworks.com
167,Gennie,gert4m@bigcartel.com
168,Cheston,cloadsman4n@github.com
169,Danita,dratcliff4o@weather.com
170,Cleo,cgiraudel4p@google.com.hk
171,Neila,nbenson4q@illinois.edu
172,Herculie,hjowle4r@adobe.com
173,Vick,vhanscom4s@cam.ac.uk
174,Tobye,tjancic4t@a8.net
175,Ema,ebartkiewicz4u@gmpg.org
176,Cristi,cholywell4v@symantec.com
177,Dorena,dcarnihan4w@woothemes.com
178,Marcelia,mcristofano4x@weebly.com
179,Ikey,ihullah4y@zimbio.com
180,Ailee,agarriock4z@census.gov
181,Merell,mkeneleyside50@msn.com
182,Inez,igunstone51@is.gd
183,Sari,smclorinan52@admin.ch
184,Winifield,whabershon53@trellian.com
185,Temp,tgeorgi54@cnbc.com
186,Nolan,nrennenbach55@mysql.com
187,Janie,jkalinke56@jalbum.net
188,Kiley,kmacalpine57@example.com
189,Pier,plillow58@parallels.com
190,Yorke,yfitton59@free.fr
191,Kellen,ksimenet5a@wufoo.com
192,Olympia,olasty5b@cbc.ca
193,Theodosia,tantonich5c@infoseek.co.jp
194,Mirella,mfarry5d@abc.net.au
195,Sarajane,skunneke5e@yahoo.com
196,Vita,vdofty5f@sogou.com
197,Denver,dlared5g@ibm.com
198,Stephan,scastelijn5h@wunderground.com
199,Lillis,lbaudinet5i@buzzfeed.com
200,Collie,cgerger5j@prweb.com
201,Merci,mlittlechild5k@360.cn
202,Starr,sriseley5l@behance.net
203,Raynell,rbonsale5m@hp.com
204,Cyril,crounsivall5n@blogger.com
205,Clayborn,cslimming5o@wikia.com
206,Bail,brogliero5p@wp.com
207,Nellie,nhartnup5q@simplemachines.org
208,Brandon,baldine5r@deliciousdays.com
209,Audy,athominga5s@mit.edu
210,Skyler,sscotchford5t@mapy.cz
211,Moore,manyene5u@google.ca
212,Gianna,glodford5v@fc2.com
213,Josefina,jfaucherand5w@delicious.com
214,Alia,aworner5x@webmd.com
215,Mikey,mbartosch5y@dropbox.com
216,Darby,dubach5z@netlog.com
217,Celestyn,cknevett60@meetup.com
218,Vita,vkidwell61@tripadvisor.com
219,Dayna,dfost62@liveinternet.ru
220,Zaneta,zedards63@xing.com
221,Erda,eaugie64@vinaora.com
222,Allan,aitzkovsky65@cbc.ca
223,Menard,mpioli66@aboutads.info
224,Annalee,alawn67@elegantthemes.com
225,Hortensia,hspehr68@parallels.com
226,Palm,pstanford69@narod.ru
227,Aloysia,abowskill6a@webeden.co.uk
228,Ulrika,ucamilio6b@twitpic.com
229,Arabela,aprendeville6c@bbb.org
230,Noelyn,nbawden6d@yolasite.com
231,Anny,agoodricke6e@last.fm
232,Edyth,emacci6f@wix.com
233,Wilie,wlyburn6g@chicagotribune.com
234,Laurie,lllewelly6h@cloudflare.com
235,Elnora,eaucourte6i@woothemes.com
236,Muffin,mchance6j@eepurl.com
237,Eziechiele,eaysik6k@washingtonpost.com
238,Randal,rpaye6l@deviantart.com
239,Olag,ofrensche6m@quantcast.com
240,Farr,fridgers6n@prlog.org
241,Tabor,twoodburn6o@angelfire.com
242,Siouxie,slazenbury6p@behance.net
243,Dominick,dsheircliffe6q@tamu.edu
244,Way,weplate6r@weebly.com
245,Lesly,ldionisetto6s@zimbio.com
246,Marielle,mdunwoody6t@wordpress.com
247,Ingeberg,ipairpoint6u@histats.com
248,Reinhold,rmeriel6v@4shared.com
249,Benjamen,bbrothwood6w@google.com.au
250,Cristine,ctoombs6x@reuters.com
251,Loy,lhinze6y@joomla.org
252,Cleveland,cgrece6z@biblegateway.com
253,Drucill,dgarry70@google.it
254,Hurley,hallso71@earthlink.net
255,Annie,acreebo72@google.co.uk
256,Viviene,vrecher73@opensource.org
257,Shalne,ssibary74@springer.com
258,Doralin,dtinker75@stanford.edu
259,Saw,sstrathdee76@fc2.com
260,Roxi,rbearns77@prlog.org
261,Raffarty,rdanilovitch78@yellowbook.com
262,Asher,amassinger79@unesco.org
263,Bobbette,bclipsham7a@reddit.com
264,Roxine,rblount7b@dropbox.com
265,Ezekiel,esmelley7c@epa.gov
266,Sydney,smoule7d@ow.ly
267,Mallory,mdaft7e@narod.ru
268,Stanfield,shughlin7f@google.de
269,Billy,bstollberger7g@howstuffworks.com
270,Gilberte,gthunder7h@cbc.ca
271,Gregoor,gwandrach7i@weibo.com
272,Angelico,aadelsberg7j@studiopress.com
273,Winnah,wdeath7k@parallels.com
274,Forester,fjeeks7l@google.pl
275,Mireielle,mvignaux7m@bigcartel.com
276,Wally,wbloschke7n@delicious.com
277,Brad,bharhoff7o@biglobe.ne.jp
278,Shelby,sbiasio7p@wunderground.com
279,Dahlia,dfoldes7q@ezinearticles.com
280,Ferne,fmcareavey7r@i2i.jp
281,Cortie,ctale7s@auda.org.au
282,Venita,vcolborn7t@jigsy.com
283,Robbi,rwilshere7u@spiegel.de
284,Balduin,bdegiovanni7v@usda.gov
285,Anatollo,achecketts7w@paypal.com
286,Torrance,tstutt7x@bloglines.com
287,Jo-ann,jfowlds7y@google.ru
288,Ody,olewty7z@hhs.gov
289,Chelsey,ccolafate80@ihg.com
290,Kalle,kchart81@over-blog.com
291,Marwin,mneedham82@altervista.org
292,Amandi,arossin83@tripod.com
293,Panchito,pbusfield84@ibm.com
294,Doralynne,dismirnioglou85@msu.edu
295,Bill,bfeldmus86@histats.com
296,Brand,bnisby87@yahoo.com
297,Norman,nbroscombe88@blinklist.com
298,Tommie,twield89@shareasale.com
299,Ardella,akarczinski8a@hubpages.com
300,Collete,ccregan8b@networksolutions.com
301,Ethelbert,ebawcock8c@nps.gov
302,Auria,aspurgin8d@yandex.ru
303,Hillel,hbutland8e@meetup.com
304,Saxe,sferagh8f@dagondesign.com
305,Burnaby,bolech8g@dell.com
306,Merlina,mgehrtz8h@senate.gov
307,Clary,cswash8i@foxnews.com
308,Theodosia,tmoulds8j@mlb.com
309,Gretel,gfarrell8k@dropbox.com
310,Frants,fclipsham8l@gov.uk
311,Granny,ghorbath8m@nifty.com
312,Frasco,fsaphir8n@google.ru
313,Eartha,eboswood8o@discovery.com
314,Letti,lmustarde8p@tripadvisor.com
315,Jinny,jbroggelli8q@t-online.de
316,Billie,bsings8r@answers.com
317,Berrie,bpease8s@ning.com
318,Pammy,ptant8t@slate.com
319,Bettye,bavison8u@google.com.au
320,Ikey,ijumeau8v@spotify.com
321,Tobe,tkinvig8w@amazon.co.jp
322,Murial,mknudsen8x@aol.com
323,Penny,pblasius8y@nymag.com
324,Urbanus,uswanson8z@prlog.org
325,Anita,aheale90@vistaprint.com
326,Darius,dmiddlehurst91@ebay.co.uk
327,Rianon,rlangstone92@linkedin.com
328,Kippie,kbillham93@state.gov
329,Mercy,mmanginot94@army.mil
330,Corby,cguidelli95@artisteer.com
331,Kienan,kphiller96@patch.com
332,Dale,dentwhistle97@example.com
333,Siusan,scominoli98@cnbc.com
334,Tuck,talvarez99@rakuten.co.jp
335,Ardelle,agaveltone9a@barnesandnoble.com
336,Lammond,ldumbell9b@globo.com
337,Alexina,amacguigan9c@nature.com
338,Lucias,llyne9d@squidoo.com
339,Adelle,acauston9e@omniture.com
340,Tarrance,tpieter9f@people.com.cn
341,Jonah,jmarkson9g@toplist.cz
342,Rockey,rchessum9h@dmoz.org
343,Menard,mdick9i@answers.com
344,Adamo,aclorley9j@netscape.com
345,Reinald,rpedrielli9k@ebay.co.uk
346,Idalia,icrottagh9l@wsj.com
347,Welbie,wskerme9m@npr.org
348,Damien,droycraft9n@ezinearticles.com
349,Morgen,mwilby9o@hugedomains.com
350,Isa,imontel9p@mac.com
351,Codie,coliveto9q@bbb.org
352,Ketti,krundall9r@t-online.de
353,Bobbie,bskinley9s@vimeo.com
354,Carlin,csturton9t@deviantart.com
355,Onofredo,ocops9u@theguardian.com
356,Beverly,bpidgeley9v@cmu.edu
357,Martelle,mlaxston9w@geocities.com
358,Christa,cwaterfall9x@answers.com
359,Brose,bkingsworth9y@amazon.de
360,Clo,ccucinotta9z@ezinearticles.com
361,Karoline,kstanawaya0@engadget.com
362,Nyssa,nsilversona1@go.com
363,Karin,kweya2@xing.com
364,Christalle,cbreinleina3@newyorker.com
365,Pedro,pnutleya4@feedburner.com
366,Maryjane,mminchintona5@friendfeed.com
367,Merrick,mrowtha6@china.com.cn
368,Kessia,kvialla7@joomla.org
369,Yuma,yskottlea8@ihg.com
370,Dale,dtroaka9@howstuffworks.com
371,Alix,awikeaa@deviantart.com
372,Karrie,kfairesab@mediafire.com
373,Mathe,mclarkeac@yolasite.com
374,Katee,kklimptad@tamu.edu
375,Oates,odaouzeae@irs.gov
376,Frederick,fanningaf@google.com.br
377,Marna,mweeklandag@dmoz.org
378,Cherise,cschmuhlah@springer.com
379,Rem,ritchinghamai@bizjournals.com
380,Drusy,dbrockingaj@cbslocal.com
381,Vivyan,vfeatleyak@timesonline.co.uk
382,Vivian,vspringeral@dyndns.org
383,Morgan,mflodeam@a8.net
384,Dewitt,dscrowbyan@xinhuanet.com
385,Marylou,mwiddallao@unicef.org
386,Suzi,ssparrowhawkap@taobao.com
387,Kelvin,kchrystalaq@simplemachines.org
388,Margalo,mbownessar@friendfeed.com
389,Sarita,sreinaas@nba.com
390,Simona,scosbeeat@nsw.gov.au
391,Cherise,cheindlau@goo.ne.jp
392,Sheena,sgyrgorwicxav@wordpress.com
393,Shaina,stannaw@icq.com
394,Theo,tcunradiax@nydailynews.com
395,Kassandra,khartillay@gmpg.org
396,Blake,bharlinaz@cdc.gov
397,Mickey,mcorranb0@wisc.edu
398,Veriee,vbowkleyb1@chronoengine.com
399,Jere,jtorreseb2@myspace.com
400,Biddie,bnewissb3@businesswire.com
401,Bonnibelle,bhuikerbyb4@nih.gov
402,Stafani,snovichenkob5@so-net.ne.jp
403,Querida,qberb6@so-net.ne.jp
404,Theressa,twelhamb7@pagesperso-orange.fr
405,Tracy,tbannardb8@arizona.edu
406,Vernon,vbiesingerb9@blogger.com
407,Val,vmulhollandba@hibu.com
408,Cassie,cvandenveldenbb@unblog.fr
409,Powell,pburdgebc@google.fr
410,Lucio,lmartynikhinbd@google.com.hk
411,Belia,bbockettbe@chicagotribune.com
412,Layton,lmawbybf@theglobeandmail.com
413,Aldric,asattinbg@quantcast.com
414,Lanie,lpaffotbh@paypal.com
415,Lisha,lschuttebi@google.co.jp
416,Tim,tdundredgebj@forbes.com
417,Shelby,sverringbk@studiopress.com
418,Leicester,lbrownhallbl@qq.com
419,Aurel,atwitteybm@wp.com
420,Brod,bmaylorbn@redcross.org
421,Nicola,njoblingbo@yahoo.co.jp
422,Delmer,dackenheadbp@marriott.com
423,Pier,pandrenbq@boston.com
424,Naoma,nmcinnesbr@virginia.edu
425,Virgina,vchoakbs@simplemachines.org
426,Pryce,pblybt@wikipedia.org
427,Andre,aluxtonbu@youtu.be
428,Dorita,delijahbv@miibeian.gov.cn
429,Farlay,flearoydebw@slate.com
430,Sonny,ssouthallbx@hp.com
431,Wendall,wvalentiby@goodreads.com
432,Wylie,wkembreybz@sakura.ne.jp
433,Hazel,hactonc0@nba.com
434,Hildegaard,hdubarryc1@dell.com
435,Bernadene,bmaccurleyc2@marketwatch.com
436,Valera,vgennrichc3@acquirethisname.com
437,Sioux,sfrusherc4@umich.edu
438,Lilias,lolivac5@purevolume.com
439,Dion,drisboroughc6@wikia.com
440,Traci,thexamc7@msu.edu
441,Ive,iboylesc8@buzzfeed.com
442,Alaster,avogelec9@google.fr
443,Tedman,tfolkeca@diigo.com
444,Burch,bstartincb@mapy.cz
445,Ardelle,afrankomcc@statcounter.com
446,Prentiss,pdiggonscd@linkedin.com
447,Stearn,shurrionce@etsy.com
448,Terri-jo,toldmancf@google.nl
449,Kiersten,klangstaffcg@hc360.com
450,Maribeth,mklulicekch@cam.ac.uk
451,Charline,cwidmoorci@craigslist.org
452,Moise,mshorlandcj@hhs.gov
453,Kinnie,kzylbermannck@gravatar.com
454,Stoddard,sbulwardcl@bloomberg.com
455,Haze,hjacobcm@360.cn
456,Beulah,bfleschercn@github.com
457,Jonie,jgeesonco@behance.net
458,Benedikt,bbratchellcp@usgs.gov
459,Daphene,dmasdencq@illinois.edu
460,Jenna,jboamcr@google.ca
461,Mark,mhowlincs@networksolutions.com
462,Barnett,bbussonct@ocn.ne.jp
463,Jere,jriccellicu@oakley.com
464,Vale,vfassumcv@nba.com
465,Gracia,gstanlickcw@opensource.org
466,Ianthe,iskillmancx@blogger.com
467,Cahra,cbrissecy@globo.com
468,Claude,crenardcz@squidoo.com
469,Salomon,swyred0@yale.edu
470,Ali,acraigsd1@google.pl
471,Gertrude,grudwelld2@google.es
472,Birk,bcheakd3@last.fm
473,Freeman,fballendined4@globo.com
474,Linnell,ldittd5@blogs.com
475,Broderick,bakasterd6@facebook.com
476,Anatol,aknowlysd7@jugem.jp
477,Renado,rbrabband8@cafepress.com
478,Sammy,sherleyd9@google.ca
479,Darrell,dbraderda@amazon.co.jp
480,Emerson,epippindb@theglobeandmail.com
481,Johnette,jsitlintondc@discuz.net
482,Janenna,jtatforddd@ebay.com
483,Jazmin,jpetkovicde@live.com
484,Bret,bchoatdf@free.fr
485,Kristen,khastiedg@storify.com
486,Julius,jwenzeldh@smugmug.com
487,Celestine,cdavittdi@twitpic.com
488,Kerr,kkerbydj@mapy.cz
489,Sosanna,sjoplindk@goodreads.com
490,Natalee,ntoursdl@deviantart.com
491,Consuela,cwiggamdm@ihg.com
492,Augustine,afairlawdn@1und1.de
493,Andie,athorsendo@baidu.com
494,Eduardo,esrawleydp@dagondesign.com
495,Bonni,bgwillyamdq@blinklist.com
496,Isadore,imurricanesdr@biblegateway.com
497,Robin,rgwinnelds@kickstarter.com
498,Padgett,ppropdt@scribd.com
499,Gaylor,greingerdu@phoca.cz
500,Elden,epankethmandv@newsvine.com
501,Yulma,ythackraydw@wp.com
502,Britney,bwhistlecroftdx@is.gd
503,Jacquenetta,jstathordy@patch.com
504,Frederico,fsimonnindz@archive.org
505,Theda,tjewette0@berkeley.edu
506,Hope,htilberrye1@biglobe.ne.jp
507,Wye,wmacgeee2@plala.or.jp
508,Betsy,bbullede3@walmart.com
509,Trish,thubatsche4@samsung.com
510,Ali,acrankshawe5@blinklist.com
511,Helenelizabeth,hendlee6@auda.org.au
512,Matteo,mmatzene7@huffingtonpost.com
513,Bobbi,bbeckerlege8@t.co
514,Barbee,bbainese9@phpbb.com
515,Suzette,sblakeleyea@nps.gov
516,Robbie,rmeadmoreeb@shop-pro.jp
517,Dori,dfickenec@zdnet.com
518,Flem,fyuryeved@alibaba.com
519,Erie,egreenhillee@wikispaces.com
520,Marena,mambergeref@uol.com.br
521,Leon,lpopleeg@un.org
522,Hesther,hbiaginieh@theguardian.com
523,Melva,mbenazetei@liveinternet.ru
524,Fulton,fchaffeyej@xinhuanet.com
525,Marcello,mleamingek@ucoz.com
526,Vonnie,vflageulel@freewebs.com
527,Effie,estenbridgeem@jugem.jp
528,Vanda,vfifeen@dropbox.com
529,Corby,cshalloweo@epa.gov
530,Arvy,aszepeep@unc.edu
531,Culver,cgeaneyeq@huffingtonpost.com
532,Hillel,hdodsworther@is.gd
533,Berkly,bzorzies@gnu.org
534,Balduin,bcelleret@360.cn
535,Gill,gjesseneu@shareasale.com
536,Cheston,cleckieev@wordpress.com
537,Keir,kilettew@microsoft.com
538,Stacia,sllopex@drupal.org
539,Rabbi,rjaggardey@dion.ne.jp
540,Gwendolyn,gmurnameez@elpais.com
541,Adey,awrathallf0@craigslist.org
542,Basile,bcardf1@theglobeandmail.com
543,Germana,gpawelsf2@furl.net
544,Barb,bpetscheltf3@booking.com
545,Storm,santhoinef4@alibaba.com
546,Britta,bpetigrewf5@moonfruit.com
547,Waiter,wlabbetf6@hud.gov
548,Charil,cickeringillf7@usgs.gov
549,Ardis,apengellyf8@de.vu
550,Ibby,iclacsonf9@themeforest.net
551,Janel,jkennfa@reference.com
552,Phil,pmcewanfb@wordpress.org
553,Netti,nrabidgefc@ftc.gov
554,Goraud,glinhamfd@unblog.fr
555,Aigneis,aburragefe@dot.gov
556,Pernell,ppietroniff@princeton.edu
557,Kristyn,kaccombefg@google.com.br
558,Reynolds,rbordisfh@ehow.com
559,Tiebout,troddafi@simplemachines.org
560,Alika,amacnamarafj@fotki.com
561,Ross,rfairecloughfk@shutterfly.com
562,Humphrey,hdewberryfl@ehow.com
563,Cammi,csibbaldfm@sina.com.cn
564,Teri,tbrandelfn@flavors.me
565,Dosi,dtomlettfo@parallels.com
566,Enoch,ebradburnfp@dailymotion.com
567,Suzann,sbarszczewskifq@livejournal.com
568,Sallie,sdimblebyfr@canalblog.com
569,Daisey,dluisettifs@bigcartel.com
570,Lulita,lreijmersft@amazon.de
571,Thorsten,tgarradfu@deviantart.com
572,Luci,lhoytefv@xing.com
573,Crystie,cmatzenfw@pagesperso-orange.fr
574,Hedvige,hmcroryfx@omniture.com
575,Rozanne,rnairnefy@vkontakte.ru
576,Iosep,ijakubowiczfz@slate.com
577,Gawen,gockwellg0@icq.com
578,Nikolaus,neggerg1@printfriendly.com
579,Sibyl,swiggallg2@tumblr.com
580,Bing,bburcherg3@altervista.org
581,Eugene,evossgeng4@princeton.edu
582,Bevon,bachrameevg5@about.me
583,Clyde,cgrogg6@dell.com
584,Luci,lstennetg7@fda.gov
585,Kirbee,koaksg8@ow.ly
586,Tanitansy,twhistong9@networkadvertising.org
587,Marybeth,mbromellga@dailymail.co.uk
588,Allayne,amccomiskiegb@spiegel.de
589,Adrianna,amichingc@foxnews.com
590,Sophi,sgillinggd@jugem.jp
591,Pooh,pgilhoolge@prweb.com
592,Darsey,dstillgf@unicef.org
593,Angil,ahargetgg@hugedomains.com
594,Myrvyn,mmattysgh@paypal.com
595,Diane-marie,dantonescugi@cornell.edu
596,Beatriz,blistongj@aboutads.info
597,Mommy,mswensongk@umich.edu
598,Gui,gbearhamgl@smugmug.com
599,Torrey,trudolphgm@house.gov
600,Cosetta,cdulengn@umich.edu
601,Jacquelynn,jmakivergo@wordpress.com
602,Noe,nallsobrookgp@ucoz.com
603,Niccolo,ngantzgq@goodreads.com
604,Way,wdavittgr@ycombinator.com
605,Minne,mvedeshkings@vkontakte.ru
606,Barnard,bjamisongt@wunderground.com
607,Dorothea,dhickinbottomgu@wunderground.com
608,Calla,cbraunergv@nsw.gov.au
609,Byrom,ballongw@facebook.com
610,Amandi,adrynangx@blogger.com
611,Rafferty,rhallwellgy@cafepress.com
612,Albertine,abarnhillgz@flickr.com
613,Vlad,vjeffryesh0@blogspot.com
614,Rossy,rnorcliffh1@tmall.com
615,Milena,mrenhardh2@webeden.co.uk
616,Jean,jgameth3@ask.com
617,Benedick,bproudlockh4@toplist.cz
618,Suzie,sduigenanh5@sakura.ne.jp
619,Lorene,lmarvalh6@economist.com
620,Winnah,wchristerh7@php.net
621,Katy,kkyddeh8@usnews.com
622,Keely,ktuhyh9@dell.com
623,Enrica,ecromleyha@wufoo.com
624,Margarethe,maubreyhb@facebook.com
625,Kay,kcrafterhc@shutterfly.com
626,Elka,evyehd@t.co
627,Clemmy,cjeffrayhe@cocolog-nifty.com
628,Corbet,cbogiehf@newsvine.com
629,Uta,uhowdenhg@guardian.co.uk
630,Gwenette,gkeddeyhh@goo.gl
631,Chad,csparlinghi@army.mil
632,Archie,afortunehj@pcworld.com
633,Bailey,bwannehk@nasa.gov
634,Christophorus,cscipseyhl@mail.ru
635,Sollie,smcmurthyhm@apple.com
636,Jeannine,jbamboroughhn@europa.eu
637,Wain,wwabersichho@cbsnews.com
638,Glenn,gmaccarlichhp@istockphoto.com
639,Sancho,sshurlockhq@wunderground.com
640,Christa,ccleminshawhr@multiply.com
641,Misty,mhousamanhs@cisco.com
642,Rene,rmapledorumht@freewebs.com
643,Jobyna,jfuryhu@furl.net
644,Pascale,properthv@newsvine.com
645,Upton,uavramovhw@shinystat.com
646,Jefferey,jcridlinhx@yelp.com
647,Leeanne,lborrelhy@macromedia.com
648,Kassi,kokielthz@earthlink.net
649,Nikaniki,nnovaceki0@mediafire.com
650,Jesse,jmoffatti1@ameblo.jp
651,Lindsy,lklimontovichi2@tuttocitta.it
652,Katti,kaulsfordi3@wufoo.com
653,Amalee,asnawdoni4@instagram.com
654,Harper,hgamleni5@aboutads.info
655,Julienne,jklimaszewskii6@simplemachines.org
656,Petr,phamsleyi7@bluehost.com
657,Carlyle,creimsi8@newsvine.com
658,Julianna,jfontenoti9@imdb.com
659,Sabine,syakuntzovia@github.com
660,Alano,atorrecillaib@examiner.com
661,Marcelia,mblackdenic@list-manage.com
662,Aubine,adoucetteid@pinterest.com
663,Lazaro,landrockie@photobucket.com
664,Aldric,aandrassyif@purevolume.com
665,Hurley,hpadellig@xinhuanet.com
666,Dale,daldcorneih@example.com
667,Pattie,pestcotii@nydailynews.com
668,Rita,rmasdingij@newsvine.com
669,Stinky,slewsleyik@ustream.tv
670,Kitti,ksheeril@ca.gov
671,Blondelle,bszanthoim@unblog.fr
672,Artair,apicktonin@weebly.com
673,Lennard,llymbourneio@home.pl
674,Emmeline,ewadhamip@mozilla.com
675,Elene,ezepliniq@bing.com
676,Lavena,lgilkesir@archive.org
677,Margarita,mhardinis@weather.com
678,Dimitri,dsertinit@spiegel.de
679,Devon,dstenetiu@va.gov
680,Inesita,iclemencetiv@parallels.com
681,Mireille,mstarbuckiw@bravesites.com
682,Gae,gmcasterix@bloglovin.com
683,Moreen,mmanneringiy@cbslocal.com
684,Nathalie,nboxhilliz@purevolume.com
685,Christoffer,cbickerj0@nih.gov
686,Othilia,ocyphusj1@mac.com
687,Reggis,rchyuertonj2@microsoft.com
688,Leila,ldurranj3@icio.us
689,Heather,hwillwoodj4@homestead.com
690,Matilda,mlavistej5@newyorker.com
691,Jonah,jdeandreisj6@booking.com
692,Timothea,tgounetj7@yahoo.co.jp
693,Theadora,tcoplandj8@alibaba.com
694,Devlen,dphilbinj9@livejournal.com
695,Marcellina,mbrookingja@imageshack.us
696,Barron,bthackhamjb@sakura.ne.jp
697,Alyssa,awhitewayjc@alibaba.com
698,Timmie,tbenediktssonjd@sciencedaily.com
699,Winfred,wswindellsje@accuweather.com
700,Bernardina,bhymorjf@uiuc.edu
701,Francine,fpestorjg@ft.com
702,Yule,yrachuigjh@youku.com
703,Clara,cmicheletji@google.co.jp
704,Constantin,cberensjj@cnet.com
705,Remington,rprobatejk@edublogs.org
706,Kassi,kfigguresjl@weibo.com
707,Rivy,rmedinajm@oakley.com
708,Shandeigh,smeaderjn@hhs.gov
709,Cicily,cphalpjo@hud.gov
710,Siobhan,ssexonjp@merriam-webster.com
711,Gretal,glemingjq@foxnews.com
712,Willa,wcrushjr@cnbc.com
713,Nilson,nsecrettjs@ycombinator.com
714,Susy,sfreezerjt@vkontakte.ru
715,Ameline,anorresju@fc2.com
716,Issy,iwalpolejv@bravesites.com
717,Kelcy,ktybaltjw@youku.com
718,Lise,lcermanjx@ted.com
719,Veronika,vdudgeonjy@huffingtonpost.com
720,Meagan,mmatoninjz@yahoo.co.jp
721,Roanna,rubsdellk0@engadget.com
722,Fredrika,fmarstonk1@tamu.edu
723,Mordy,mantonovk2@elpais.com
724,Gonzalo,gmaiork3@rediff.com
725,Delia,dveillardk4@last.fm
726,Jenn,jhoffmannk5@uol.com.br
727,Virge,vstanhopek6@cnbc.com
728,Filmore,fhuskek7@cafepress.com
729,Yasmin,yisakovk8@google.com.au
730,Hildagarde,hzaczekk9@purevolume.com
731,Etheline,eyuilleka@statcounter.com
732,Osborn,omckendrykb@apache.org
733,Gabie,ggorickekc@phoca.cz
734,Eve,egraysonkd@github.io
735,Elva,ecamoiske@parallels.com
736,Welch,wmcgonnellkf@uol.com.br
737,Manny,mwitherskg@skyrock.com
738,Prudence,pmoulsdalekh@addthis.com
739,Reena,rgianulloki@studiopress.com
740,Marlyn,msurgisonkj@etsy.com
741,Siusan,svasichevkk@wufoo.com
742,Humphrey,hwilcherkl@youtu.be
743,Jay,jedmonskm@noaa.gov
744,Constantia,cstutherkn@netscape.com
745,Loria,ldaintierko@wordpress.org
746,Mead,msurgeonerkp@mlb.com
747,My,mvasyukhichevkq@zdnet.com
748,Sapphire,sastlattkr@deviantart.com
749,Elonore,emunfordks@ft.com
750,Elnore,ehawlerkt@1688.com
751,Mae,mpreedyku@devhub.com
752,Merrily,mrushtonkv@springer.com
753,Rhody,rfidalkw@aol.com
754,Gannie,gbelonekx@lycos.com
755,Evey,elyddiattky@pinterest.com
756,Willow,wrayltonkz@businessweek.com
757,Nicolina,nmatityahul0@uiuc.edu
758,Emily,ewalpolel1@rediff.com
759,Otho,omortimerl2@edublogs.org
760,Lenore,ldeaml3@multiply.com
761,Torey,tpaylerl4@tinyurl.com
762,Thadeus,thopkynsl5@aboutads.info
763,Siana,smalacridal6@etsy.com
764,Virginie,vwoodesl7@mayoclinic.com
765,Babb,bcushionl8@google.com.hk
766,Derrek,dkivitsl9@answers.com
767,Salomone,sbrayshawla@bloomberg.com
768,Barrie,bglydelb@jigsy.com
769,Hurleigh,hwilberlc@reuters.com
770,Tyrone,tbjorkanld@altervista.org
771,Adolphe,ateanbyle@cdc.gov
772,Evey,eeassebylf@phpbb.com
773,Tabatha,tsangsterlg@friendfeed.com
774,Pru,pwooderlh@freewebs.com
775,Rodolph,rpailli@nymag.com
776,Cherilynn,cchristoulj@github.io
777,Mickie,mbuckseylk@ucoz.ru
778,Nan,ndehnll@ftc.gov
779,Dosi,dgristlm@ucsd.edu
780,Lorna,lhendrickxln@jiathis.com
781,Susy,scriplelo@blinklist.com
782,Tommy,tdaultonlp@go.com
783,Dyana,dpitcaithlylq@ning.com
784,Meta,mreddylr@fc2.com
785,Janna,jmcgillegholels@yahoo.com
786,Letitia,ldexterlt@networkadvertising.org
787,Obediah,oendlelu@virginia.edu
788,Leo,lturneylv@delicious.com
789,Talbert,tpantonelw@boston.com
790,Amye,amurraylx@gnu.org
791,Salim,stremouletly@last.fm
792,Allina,amargaretlz@aol.com
793,Trumaine,tkinforthm0@fotki.com
794,Hadleigh,hyuillem1@simplemachines.org
795,Alberto,aavorym2@ning.com
796,Jessica,jthextonm3@example.com
797,Tova,tdwellym4@amazon.com
798,Ronnie,rpendergrastm5@cpanel.net
799,Layton,lunionm6@nifty.com
800,Wandis,wwillimentm7@fema.gov
801,Trescha,tsmithsonm8@nsw.gov.au
802,Faydra,foxbem9@youtube.com
803,Timmy,tstovema@sfgate.com
804,Cly,clideardmb@over-blog.com
805,Tommi,tbothamc@hhs.gov
806,Alyce,afallawemd@blogtalkradio.com
807,Lida,lyarwoodme@sbwire.com
808,Tirrell,tcoiemf@samsung.com
809,Giraud,ggirtonmg@discuz.net
810,Dietrich,dryburnmh@jugem.jp
811,Erny,echeinemi@comsenz.com
812,Jo-ann,jhoultonmj@va.gov
813,Yurik,yspositomk@mail.ru
814,Benjamen,bkinnerml@google.com.au
815,Aaron,apullmm@ucsd.edu
816,Raine,rfilipponimn@soundcloud.com
817,Fidelia,fmertelmo@reddit.com
818,Chaddy,cbootsmp@ibm.com
819,Marcie,mpitkeathlymq@deliciousdays.com
820,Ursa,uwordingtonmr@springer.com
821,Allison,arabjohnsms@intel.com
822,Joseph,jlanfearmt@mail.ru
823,Gaylor,gmoresbymu@themeforest.net
824,Burg,btomkinsmv@instagram.com
825,Trace,tbeneditemw@xing.com
826,Jamesy,jtomovicmx@va.gov
827,Anatola,abenzingmy@ifeng.com
828,Ambrose,afeedomemz@indiegogo.com
829,Lane,lstinchcomben0@umn.edu
830,Selie,sgoodsirn1@about.com
831,Cristionna,chasneyn2@taobao.com
832,Morie,mlassellsn3@com.com
833,Shae,sauthersn4@163.com
834,Culley,ctortn5@blog.com
835,Nikos,ncosstickn6@home.pl
836,Udell,uflagn7@t-online.de
837,Barb,beddowisn8@cloudflare.com
838,Trumaine,taggusn9@answers.com
839,Marleen,mswaloughna@china.com.cn
840,Laryssa,lcassidynb@google.com.au
841,Frannie,fheymannnc@time.com
842,Lian,lalldrednd@nyu.edu
843,Basile,bsmallsmanne@list-manage.com
844,Charla,csallingernf@cam.ac.uk
845,Sharona,srasperng@privacy.gov.au
846,Hewe,hcruikshanksnh@comcast.net
847,Adriana,acreeseni@zdnet.com
848,Roslyn,rrewnj@timesonline.co.uk
849,Dolores,dlergannk@oracle.com
850,Emile,egregoracinl@diigo.com
851,Kristofor,kgilesnm@google.com.br
852,Meridel,mmellersnn@plala.or.jp
853,Hersh,hgausonno@deviantart.com
854,Cacilia,cperillonp@blogs.com
855,George,gkiddenq@nhs.uk
856,Aldridge,acalveleynr@elpais.com
857,Gibbie,glilleens@facebook.com
858,Herbie,hrabbent@abc.net.au
859,Hanson,hhazeldenenu@census.gov
860,Herc,hrearienv@engadget.com
861,Brandi,bhappertnw@telegraph.co.uk
862,Gabey,gbaitsonnx@wikia.com
863,Wynnie,wcardenasny@oaic.gov.au
864,Angel,agolighernz@altervista.org
865,Adi,aodowlingo0@hhs.gov
866,Helyn,hhuelino1@oracle.com
867,Adara,aohallorano2@youku.com
868,Corrie,crennoldso3@google.pl
869,Ryon,rgrimmeo4@w3.org
870,Elvin,espearmano5@stanford.edu
871,Albie,apavolilloo6@i2i.jp
872,Pam,psamo7@timesonline.co.uk
873,Bonnee,bcockitto8@geocities.jp
874,Lita,lminthorpeo9@tamu.edu
875,Violette,vbockmanoa@hc360.com
876,Derrik,dmarjanskiob@de.vu
877,Javier,jnunnerleyoc@constantcontact.com
878,Jarrid,jconstanzaod@foxnews.com
879,Samara,srossantoe@acquirethisname.com
880,Alverta,asherof@mapquest.com
881,Humfrey,hantoniatog@moonfruit.com
882,Germana,goxeroh@examiner.com
883,Dona,dbellieoi@linkedin.com
884,Harrison,hfippoj@comsenz.com
885,Leann,lmetsonok@nsw.gov.au
886,Forster,fclowsleyol@stanford.edu
887,Philippa,pkoppeom@gizmodo.com
888,Arabelle,aweildishon@is.gd
889,Anderson,aelloroo@facebook.com
890,Salvidor,shyronsop@smugmug.com
891,Carlo,cperkinsoq@oakley.com
892,Joscelin,jverrechiaor@geocities.jp
893,Madlin,mdaulbyos@youku.com
894,Margaretta,mmonelliot@gizmodo.com
895,Rosina,racresou@bbc.co.uk
896,Karmen,koramov@linkedin.com
897,Kasey,kgoulbornow@wired.com
898,Alaine,anutleyox@trellian.com
899,Marjie,mrimeroy@elpais.com
900,Wilhelmina,wsteedoz@merriam-webster.com
901,Fletcher,fstearleyp0@ehow.com
902,Cob,crottgerp1@topsy.com
903,Sharia,smackrop2@blogs.com
904,Karita,ksturtep3@goo.gl
905,Lon,lbloxamp4@utexas.edu
906,Charlie,cardyp5@sciencedirect.com
907,Norris,nbrusterp6@freewebs.com
908,Isac,iabellsp7@omniture.com
909,Inness,ipitbladdop8@earthlink.net
910,Brok,bpimlockp9@umich.edu
911,Dennison,dcambellpa@comcast.net
912,Codi,cdresselpb@yellowpages.com
913,Melamie,msylettpc@artisteer.com
914,Mariellen,mbonhomepd@1und1.de
915,Corey,cmclicepe@independent.co.uk
916,Hermann,hmathewespf@sakura.ne.jp
917,Klara,kosculleypg@cbslocal.com
918,Chase,cpetroulisph@google.de
919,Tailor,tlukacspi@europa.eu
920,Bart,bwhitelawpj@soup.io
921,Lizzy,lfatscherpk@ihg.com
922,Kissie,knunnerypl@prnewswire.com
923,Eugenius,esigartpm@who.int
924,Catherin,cgimberpn@statcounter.com
925,Terrye,tpalespo@census.gov
926,Powell,pobornepp@yellowpages.com
927,Yankee,ymalthousepq@list-manage.com
928,Katey,kmariotpr@ebay.co.uk
929,Ailene,abolusps@acquirethisname.com
930,Laurens,ldogpt@w3.org
931,Abran,aastiepu@dmoz.org
932,Eleanor,etuffpv@mac.com
933,Georgiana,gchicottipw@netvibes.com
934,Leonerd,lkeypx@twitpic.com
935,Viola,vhantuschpy@slideshare.net
936,Astrix,ahudsonpz@cnn.com
937,Lilias,ldagwellq0@diigo.com
938,Kenna,ktingeyq1@booking.com
939,Marlee,mcrohanq2@google.pl
940,Danyelle,dgergq3@odnoklassniki.ru
941,Christoforo,ckupkeq4@paypal.com
942,Ivette,inorthridgeq5@hibu.com
943,Milly,mfirebraceq6@digg.com
944,Gerome,gblissettq7@surveymonkey.com
945,Ham,hlaytonq8@patch.com
946,Dare,ddreganq9@epa.gov
947,Madonna,mocrowleyqa@unicef.org
948,Zane,zvignauxqb@google.cn
949,Tine,tmacgraithqc@earthlink.net
950,George,gabramchikqd@reverbnation.com
951,Darsey,dsawlqe@ucsd.edu
952,Allegra,agniewoszqf@is.gd
953,Pete,pbowkettqg@sina.com.cn
954,Sascha,scanlinqh@wunderground.com
955,Emelita,estonnellqi@mediafire.com
956,Larissa,lhablotqj@exblog.jp
957,Ashlie,apetrilloqk@theglobeandmail.com
958,Jesselyn,jsamweyesql@youtube.com
959,Katharine,kcamamillqm@wiley.com
960,Abram,aivanqn@deviantart.com
961,Ulrike,uguillouxqo@issuu.com
962,Bianca,blefriecqp@slashdot.org
963,Bride,beaklyqq@buzzfeed.com
964,Prisca,phambribeqr@fotki.com
965,Harvey,htouzeyqs@ovh.net
966,Barnett,ballrightqt@flickr.com
967,Maible,mbigmorequ@tiny.cc
968,Lenore,ltrowelqv@wix.com
969,Brandise,bjurgensenqw@cnn.com
970,Amberly,aprovisqx@intel.com
971,Hedda,hthickinqy@dyndns.org
972,Brandie,bgayeqz@dailymotion.com
973,Elbertine,esandeyr0@msu.edu
974,Sibley,seasterlingr1@amazon.co.jp
975,Malissa,mcardingr2@storify.com
976,Georgeanne,gwealer3@nbcnews.com
977,Eileen,edessonr4@amazon.de
978,Kerby,kgarahanr5@dailymotion.com
979,Yance,yfloresr6@usgs.gov
980,Jehanna,jcoldbather7@google.ca
981,Wallis,wgellr8@businessinsider.com
982,Christin,csavinsr9@home.pl
983,Jessalin,jminihanra@photobucket.com
984,Tedd,tdiackrb@comcast.net
985,Bryna,bfeatherstonhaughrc@unesco.org
986,Lenette,lbiaggird@hubpages.com
987,Livvie,lkurtenre@state.tx.us
988,Blondell,bpapworthrf@hc360.com
989,Giovanna,gkinghamrg@sphinn.com
990,Tod,tbangiardrh@homestead.com
991,Peterus,praglesri@shareasale.com
992,Donnie,dferraracciorj@angelfire.com
993,Pippa,ptrotmanrk@studiopress.com
994,Lauri,lgiorgiellirl@psu.edu
995,Alysia,acorbettrm@xing.com
996,Carlyn,cgilmartinrn@moonfruit.com
997,Meggy,msheasbyro@devhub.com
998,Doris,dshoveltonrp@list-manage.com
999,Bendix,bmenpesrq@google.nl
1000,Ashely,aknevetrr@nature.com
